created_at;id_str;full_text;quote_count;reply_count;retweet_count;favorite_count;lang;user_id_str;conversation_id_str;username;tweet_url;actual_sentiment
Wed Jan 17 16:45:27 +0000 2024;1,74766E+18;4. Keputusan KPU Nomor 28 Tahun 2024 tentang Perubahan atas Keputusan Komisi Pemilihan Umum Nomor 1706 Tahun 2023 tentang Penetapan Stasiun Televisi dan Radio Penyiaran Debat Calon Presiden dan Wakil Presiden Pemilihan Umum Tahun 2024 Link : https://t.co/XUgJvOiD9r https://t.co/DujKHOJ3QW;0;1;0;0;in;9,83941E+17;1,74766E+18;JDIHKPU_RI;https://twitter.com/JDIHKPU_RI/status/1747661420043657415;Neutral
Wed Jan 17 13:35:03 +0000 2024;1,74761E+18;Debat Keempat Pemilihan Presiden (Pilpres) 2024 di JCC Senayan, Jakarta, Minggu (21/1/2024) untuk pertama kalinya akan dipandu dua moderator perempuan, yaitu Retno https://t.co/2oYXLWpmUB;0;0;0;0;in;9,03229E+17;1,74761E+18;eradotid;https://twitter.com/eradotid/status/1747613503605948599;Neutral
Wed Jan 17 13:30:11 +0000 2024;1,74761E+18;Komisi Pemilihan Umum (KPU) RI telah mengumumkan 11 nama panelis yang akan bertugas dalam debat kelima Pemilihan Presiden (Pilpres) 2024. Mereka yang berasal dari berbagai latar belakang, termasuk akademisi dan praktisi masyarakat sipil.  https://t.co/rxjiLXdZV5 https://t.co/Pd9OU8AUjV;0;0;0;0;in;70600007;1,74761E+18;monitordaycom;https://twitter.com/monitordaycom/status/1747612280949441004;Neutral
Wed Jan 17 12:22:40 +0000 2024;1,7476E+18;Komisi Pemilihan Umum (KPU) RI mengumumkan 11 nama panelis debat keempat Pemilihan Presiden (Pilpres) 2024 yang bakal diikuti tiga calon wakil presiden di Jakarta Convention Center (JCC), Jakarta, pada Minggu (21/1).https://t.co/jNZZnSKXb1;0;0;0;0;in;423220305;1,7476E+18;ANTARABengkulu;https://twitter.com/ANTARABengkulu/status/1747595289509425341;Neutral
Wed Jan 17 11:46:54 +0000 2024;1,74759E+18;Calon wakil presiden nomor urut 1, Muhaimin Iskandar, mendapatkan kesempatan berbicara pertama saat menyampaikan visi-misi dalam debat keempat pemilihan presiden yang menjadi debat kedua cawapres pada Minggu, 21 Januari 2024. #MostUpdate1058 #ElectionUpdate #Pilpres2024 https://t.co/1j9WZyCwzW;0;0;0;0;in;85805755;1,74759E+18;most1058;https://twitter.com/most1058/status/1747586289346707593;Neutral
Wed Jan 17 10:50:03 +0000 2024;1,74757E+18;Debat keempat Pemilihan Presiden (Pilpres) 2024 di JCC Senayan, Jakarta, Minggu (21/1), untuk pertama kalinya dipandu dua moderator perempuan, yaitu Retno Pinasti (SCTV) dan Zilvia Iskandar (Metro TV).  https://t.co/99NYwJ0yZN;0;0;0;0;in;18071520;1,74757E+18;antaranews;https://twitter.com/antaranews/status/1747571982148014295;Neutral
Wed Jan 17 08:27:03 +0000 2024;1,74754E+18;Komisi Pemilihan Umum (KPU) RI menetapkan 11 panelis untuk debat keempat Pemilihan Presiden (Pilpres) ¬†2024 yang akan berlangsung di Jakarta Conventio... https://t.co/QcekGZHbMY;0;0;0;0;in;46693036;1,74754E+18;inilahdotcom;https://twitter.com/inilahdotcom/status/1747535993786495096;Neutral
Tue Jan 16 11:16:59 +0000 2024;1,74722E+18;Calon wakil presiden (cawapres) Gibran Rakabuming Raka memilih irit bicara mengenai debat keempat Pemilihan Presiden (Pilpres) 2024 yang akan berlangsung, Minggu (21/1/2024). #gibranrakabumingraka #DebatCapres #Pilpres2024  https://t.co/sMKqJ06u7v;0;0;0;0;in;1,69858E+18;1,74722E+18;heralddotID;https://twitter.com/heralddotID/status/1747216370184671464;Positive
Tue Jan 16 10:47:27 +0000 2024;1,74721E+18;Presiden Rasa Tim Sukses : Sukses Manuver Politik Non Morality  Jokowi melakukan manuver yang gegabah dalam Pemilihan Presiden dan Wakil Presiden tahun 2024. Tindakan jokowi yang paska debat melakukan klarifikasi yang tentang debat kemarin.;0;3;3;13;in;1,02686E+18;1,74721E+18;AngriyanAgil;https://twitter.com/AngriyanAgil/status/1747208938649796901;Negative
Mon Jan 15 13:20:00 +0000 2024;1,74688E+18;Komisi Pemilihan Umum (KPU) memastikan, format pada debat keempat Pemilihan Presiden (Pilpres) 2024 tidak berubah.  Selengkapnya di https://t.co/iZZXiBxCLa  #majalahpeluang  #gagasandansolusibisnis  #peluangmediagroup https://t.co/047NVbUdiz;0;0;0;0;in;1,30046E+18;1,74688E+18;peluangnewsid;https://twitter.com/peluangnewsid/status/1746884943358386646;Neutral
Mon Jan 15 06:45:12 +0000 2024;1,74679E+18;Komisi Pemilihan Umum  (KPU) memastikan tidak akan mengubah format debat keempat Pilpres 2024.  Meski mendapat banyak masukan, termasuk dari Presiden Joko Widodo, KPU  tetap mempertahankan format yang sudah dijalankan sebelumnya.   Sumber: https://t.co/PfgLdZjc9I;0;0;0;0;in;68930552;1,74679E+18;mediaindonesia;https://twitter.com/mediaindonesia/status/1746785586546172205;Positive
Mon Jan 15 01:54:09 +0000 2024;1,74671E+18;Calon wakil presiden (cawapres) nomor urut 3 Mahfud MD tak gentar apabila isu Wadas diangkat dalam debat keempat Pemilihan Presiden (Pilpres) 2024 pad... https://t.co/4h8UzsI8Kf;0;0;1;1;in;46693036;1,74671E+18;inilahdotcom;https://twitter.com/inilahdotcom/status/1746712344150020377;Positive
Sun Jan 14 14:04:35 +0000 2024;1,74653E+18;"Sandiaga Uno menyebut suara pasangan Ganjar Pranowo-Mahfud MD rebound"" usai debat pemilihan presiden (pilpres) ketiga pada Minggu (14/1/2024) lalu. https://t.co/xnXltXnmMU""";0;0;0;7;in;23343960;1,74653E+18;kompascom;https://twitter.com/kompascom/status/1746533772294783089;Positive
Sun Jan 14 11:22:12 +0000 2024;1,74649E+18;Komisi Pemilihan Umum (KPU) kembali akan menyelenggarakan debat ke-4 Pemilihan Presiden (Pilpres) 2024. https://t.co/VWQYcZxD0l;0;0;0;0;in;1,71251E+18;1,74649E+18;yunike45;https://twitter.com/yunike45/status/1746492908302479754;Neutral
Fri Jan 12 07:29:27 +0000 2024;1,74571E+18;Dahsyatnya Ganjar Effect Usai Debat Kedua  @ganjarpranowo, unggul dari capres nomor urut 2 Prabowo Subianto dalam debat ketiga Pemilihan Presiden (Pilpres) 2024 pada Minggu (7/1/2024).  Ganjar mampu menjelaskan gagasannya secara jelas dan spesifik serta tampil dengan percaya‚Ä¶ https://t.co/dq2pBcsHLF;3;321;237;518;in;435004096;1,74571E+18;Aryprasetyo85;https://twitter.com/Aryprasetyo85/status/1745709561229738280;Positive
Thu Jan 11 12:37:49 +0000 2024;1,74542E+18;Satu bulan jelang masa tenang, kontestasi pemilihan presiden 2024 terasa kian memanas. Kondisi semakin tegang pasca terselenggaranya debat ketiga calon presiden. Netralitas Presiden Joko Widodo¬†@jokowi¬†pun dipertanyakan.  Apa betul Presiden bersikap tidak netral? Seberapa besar‚Ä¶ https://t.co/SjE07kVhBp;0;0;0;0;in;9,02838E+17;1,74542E+18;medcom_id;https://twitter.com/medcom_id/status/1745424776473334080;Neutral
Thu Jan 11 12:34:37 +0000 2024;1,74542E+18;Pesan terbuka utk P.Anies Baswedan: Pak Anies Ysh, dlm pemilihan presiden RI di 2024 ada 3 pasangan calon. Sy mencermati bhw Bapak sll fokus pd 02 &amp  lembut pd 03. Dampaknya, pd debat kemarin 03 yg dpt nama &amp  Bapak dilapotkan ke Bawaslu. Ingat Pak, tdk ada pertemanan dlm politik.;0;0;0;0;in;1,18031E+18;1,74542E+18;EyangSepuh14;https://twitter.com/EyangSepuh14/status/1745423971498209681;Negative
Thu Jan 11 10:41:26 +0000 2024;1,7454E+18;Usulan Joko Widodo agar format debat Pemilihan Presiden 2024 diubah, usai menyaksikan debat ketiga pada Minggu lalu, dipertanyakan. Sikap presiden dinilai kurang etis bahkan terkesan memberikan dukungan terhadap salah satu pasangan calon yang ikut dalam kontestasi Pilpres 2024.‚Ä¶ https://t.co/DBWOcQKmU1;0;6;13;21;in;2695463725;1,7454E+18;triwul82;https://twitter.com/triwul82/status/1745395486524338331;Negative
Thu Jan 11 03:46:50 +0000 2024;1,74529E+18;Ketua Komisi Pemilihan Umum (KPU), Hasyim Asy‚Äôari, tidak akan mengubah format debat keempat dan kelima Pilpres 2024 meski dikritik Presiden Jokowi. https://t.co/8WTDJ459R6;1;3;19;96;in;8,29367E+17;1,74529E+18;asumsico;https://twitter.com/asumsico/status/1745291150100160703;Neutral
Wed Jan 10 13:38:14 +0000 2024;1,74508E+18;"Keren kali ya klo topik sempronya nanti  Analisis Yuridis terhadap Fenomena Menangisi Calon Presiden Pasca Debat Presiden dalam Gelaran Pemilihan Presiden 2024""  Awowkkwkwk nanti gw suruh ortu sama temen nangis klo gw diserang dosen penguji""";0;2;0;0;in;1,36277E+18;1,74508E+18;puntenmaseh;https://twitter.com/puntenmaseh/status/1745077593219420379;Negative
Wed Jan 10 12:04:16 +0000 2024;1,74505E+18;Setara Institute menilai ketiga capres, yakni Anies Baswedan, Prabowo Subianto dan Ganjar Pranowo mengabaikan isu krusial tentang reformasi TNI dan sektor keamanan dalam Debat Ketiga Pemilihan Presiden (Pilpres) pada 7 Januari 2024 malam lalu  https://t.co/gFdK3GlP2n;0;0;0;0;in;9,4061E+17;1,74505E+18;rienewsdotcom;https://twitter.com/rienewsdotcom/status/1745053946237129100;Positive
Wed Jan 10 08:57:04 +0000 2024;1,74501E+18;Presiden Jokowi meminta format debat Pilpres 2024 dibuat lebih baik lagi. Cawapres nomor urut 3, Mahfud MD menyerahkan pada Komisi Pemilihan Umum (KPU).  #IDNTimesJogja #GenZMemilih   https://t.co/sJYeqwdPv2 https://t.co/9zvzc3FFLM;0;0;1;1;in;1,31889E+18;1,74501E+18;IDNTimesJogja;https://twitter.com/IDNTimesJogja/status/1745006835076076023;Neutral
Wed Jan 10 05:58:24 +0000 2024;1,74496E+18;Debat Pemilihan Presiden dan Wakil Presiden Sudah Berlangsung 3 Kali, Apa Yang Bisa di Ambil Masyarakat Dari ke 3 Debat Tersebut  Simak Getar Pemilu 2024, pada Rabu, 10 Januari 2024, pukul 13.00 WIB  Bersama : Koordinator Divisi Humas, Data dan Informasi Bawaslu Jawa Tengah, Drs‚Ä¶ https://t.co/IFPwEiJlYE;0;0;0;0;in;121640063;1,74496E+18;RadioElshinta;https://twitter.com/RadioElshinta/status/1744961870015144051;Neutral
Wed Jan 10 05:43:18 +0000 2024;1,74496E+18;dalam debat calon presiden peserta Pemilihan Umum Presiden dan Wakil Presiden 2024-2029 di Istora Senayan, Jakarta, Minggu (7/1/2024).  #PrabowoGibranIstimewa #BersamaIndonesiaMaju #PrabowoGemoy Prabowo Subianto;0;1;0;0;in;3655312633;1,74496E+18;manaf_ramli;https://twitter.com/manaf_ramli/status/1744958072555274688;Neutral
Wed Jan 10 04:56:21 +0000 2024;1,74495E+18;dalam debat calon presiden peserta Pemilihan Umum Presiden dan Wakil Presiden 2024-2029 di Istora Senayan, Jakarta, Minggu (7/1/2024).  #PrabowoGibranIstimewa #BersamaIndonesiaMaju #PrabowoGemoy Prabowo Subianto;0;1;0;0;in;3655312633;1,74495E+18;manaf_ramli;https://twitter.com/manaf_ramli/status/1744946255179161734;Neutral
Wed Jan 10 04:51:33 +0000 2024;1,74495E+18;dalam debat calon presiden peserta Pemilihan Umum Presiden dan Wakil Presiden 2024-2029 di Istora Senayan, Jakarta, Minggu (7/1/2024).  #PrabowoGibranIstimewa #BersamaIndonesiaMaju #PrabowoGemoy Prabowo Subianto;0;1;0;0;in;3655312633;1,74495E+18;manaf_ramli;https://twitter.com/manaf_ramli/status/1744945047685288348;Neutral
Wed Jan 10 04:39:22 +0000 2024;1,74494E+18;Presiden Jokowi memiliki usulan agar format debat Pemilihan Presiden 2024 diubah, setelah menyaksikan debat ketiga pada Minggu lalu, dipertanyakan.  https://t.co/yoJc5e8BzH https://t.co/GeR3rSjgMo;0;0;0;0;in;1,2978E+18;1,74494E+18;MediaNawacita;https://twitter.com/MediaNawacita/status/1744941981632254151;Neutral
Wed Jan 10 04:38:01 +0000 2024;1,74494E+18;dalam debat calon presiden peserta Pemilihan Umum Presiden dan Wakil Presiden 2024-2029 di Istora Senayan, Jakarta, Minggu (7/1/2024). #IndonesiaSentris #IndonesiaHijau #02Melanjutkan #AnakMudaIndonesiaEmas Prabowo Subianto;0;1;0;0;in;1,61503E+18;1,74494E+18;Ninaang06470572;https://twitter.com/Ninaang06470572/status/1744941643063795865;Neutral
Wed Jan 10 04:21:40 +0000 2024;1,74494E+18;Pengamat politik Ray Rangkuti menilai komentar Presiden Joko Widodo (Jokowi) terkait debat  ketiga pemilihan presiden (pilpres) yang digelar Minggu (7/1/2024) tidak  tepat dan kurang etis. &lt  #Jokowi #DebatCapres  https://t.co/jOBNkrDC12;0;0;0;1;in;23343960;1,74494E+18;kompascom;https://twitter.com/kompascom/status/1744937525846876461;Negative
Wed Jan 10 04:12:38 +0000 2024;1,74494E+18;dalam debat calon presiden peserta Pemilihan Umum Presiden dan Wakil Presiden 2024-2029 di Istora Senayan, Jakarta, Minggu (7/1/2024). #IndonesiaSentris #IndonesiaHijau #02Melanjutkan #AnakMudaIndonesiaEmas Prabowo Subianto;0;1;0;0;in;1,61523E+18;1,74494E+18;erick140451997;https://twitter.com/erick140451997/status/1744935251770749091;Neutral
Wed Jan 10 04:02:26 +0000 2024;1,74493E+18;ANIES, PRABOWO ATAU GANJAR?  Saya mengikut rapat perkembangan debat pilihan raya umum Presiden Indonesia 2024 yang menampilkan tiga calon presiden, iaitu Anies Baswedan, Prabowo Subianto, dan Ganjar Pranowo bersama wakil yang mengiringi mereka dalam pemilihan umum Presiden‚Ä¶;12;12;86;294;in;7,8604E+17;1,74493E+18;drzul_albakri;https://twitter.com/drzul_albakri/status/1744932686379258306;Neutral
Wed Jan 10 02:59:48 +0000 2024;1,74492E+18;Ketua Komisi Pemilihan Umum Hasyim Asy'ari merespons kritik Presiden Joko Widodo (Jokowi) soal debat ketiga Pilpres 2024 yang dinilai tidak edukatif karena banyak serangan yang bersifat personal. Hasyim menegaskan pihak penyelenggara dan tidak berwenang untuk menilai substansi‚Ä¶;0;0;0;0;in;1,18369E+18;1,74492E+18;gemaposID;https://twitter.com/gemaposID/status/1744916923899637877;Negative
Wed Jan 10 02:35:41 +0000 2024;1,74491E+18;Ketua DPP Partai Demokrasi Indonesia Perjuangan (PDIP) Puan Maharani bersalaman dan berbincang dengan calon presiden nomor urut 1, Anies Baswedan, usai mengikuti debat ketiga yang diselenggarakan oleh Komisi Pemilihan Umum (KPU) di Jakarta, Ahad, 7 Januari 2024.  #TempoHeadliner‚Ä¶ https://t.co/GpwBD9dHzS;3;4;2;24;in;18129942;1,74491E+18;tempodotco;https://twitter.com/tempodotco/status/1744910853730898050;Positive
Tue Jan 09 14:53:32 +0000 2024;1,74473E+18;Komisi Pemilihan Umum (KPU) telah selesai menggelar acara debat ketiga calon presiden (capres) di Istora Senayan pada Minggu, 7 Januari 2024 pukul 19.00 WIB. https://t.co/utPnuFkv1k;0;1;0;1;in;2479106588;1,74473E+18;kominfobogor;https://twitter.com/kominfobogor/status/1744734155072757785;Neutral
Tue Jan 09 14:06:50 +0000 2024;1,74472E+18;Tanggapan Presiden Joko Widodo terkait debat ketiga Pemilihan Presiden (Pilpres) 2024 yang menuduh menyerang secara personal menuai kritik. Adalah Calon Presiden (Capres) Nomor Urut 2 Anies Baswedan merasa heran terhadap penilaian Jokowi itu. Selengkapnya https://t.co/ZAbqGG6kkF;0;0;0;1;in;1,16986E+18;1,74472E+18;theiconomic;https://twitter.com/theiconomic/status/1744722401785778413;Neutral
Tue Jan 09 12:47:34 +0000 2024;1,7447E+18;Jokowi turut menyoroti jalannya debat ketiga capres-cawapres untuk Pemilihan Presiden (Pilpres) 2024. Komentar ini pun dipertanyakan sejumlah pihak. https://t.co/B5N2v6xXwc;0;0;0;1;in;23343960;1,7447E+18;kompascom;https://twitter.com/kompascom/status/1744702452606349822;Positive
Tue Jan 09 12:41:08 +0000 2024;1,7447E+18;Wakil Ketua Dewan Pengarah Tim Kampanye Nasional (TKN) Prabowo-Gibran, Zulkifli Hasan, mengusulkan agar debat terakhir atau debat kelima Pemilihan  Presiden (Pilpres) 2024 menghadirkan capres dan cawapres secara bersama. &lt  #DebatCapres #ZulkifliHasan  https://t.co/GeXxitPuns;0;4;0;0;in;23343960;1,7447E+18;kompascom;https://twitter.com/kompascom/status/1744700835949576342;Positive
Tue Jan 09 12:13:52 +0000 2024;1,74469E+18;Calon presiden nomor urut 3 Ganjar Pranowo mengaku heran dengan pernyataan Presiden Joko Widodo yang menyebut debat ketiga pemilihan presiden (pilpres) pada Minggu (7/1/2024) tidak edukatif. &lt  #GanjarPranowo #GanjarMahfud #Pemilu2024KCM #JernihMemilih  https://t.co/4HbiLoOebQ;6;35;56;177;in;23343960;1,74469E+18;kompascom;https://twitter.com/kompascom/status/1744693973913112930;Negative
Tue Jan 09 12:12:31 +0000 2024;1,74469E+18;üö®‚ùåKetua Komisi Pemilihan Umum (KPU) Hasyim Asy'ari tegas menyatakan pihaknya tidak akan merubah format debat Pilpres 2024, meskipun banyak desakan dari berbagai pihak termasuk Presiden Joko Widodo (@Jokowi). https://t.co/Mo1R599veF;0;1;0;0;in;46693036;1,74469E+18;inilahdotcom;https://twitter.com/inilahdotcom/status/1744693633000063359;Neutral
Tue Jan 09 11:07:43 +0000 2024;1,74468E+18;Memberikan nilai terhadap ketiga pasangan calon presiden (capres) dalam debat ketiga Pemilihan Presiden atau Pilpres 2024 yang digelar di Istora Senayan, Minggu, 7 Januari 2024 kemarin. #IndonesiaSentris #IndonesiaHijau #02Melanjutkan #AnakMudaIndonesiaEmas Prabowo Subianto;0;1;0;0;in;8,03143E+17;1,74468E+18;inang_hasiholan;https://twitter.com/inang_hasiholan/status/1744677324153573631;Neutral
Tue Jan 09 10:49:54 +0000 2024;1,74467E+18;Hal itu disampaikan Mahfud menanggapi data pertahanan negara yang menjadi polemik usai pelaksanaan debat ketiga pemilihan presiden (pilpres) yang digelar pada Minggu (7/1/2024) lalu.;0;0;0;0;in;1,36028E+18;1,74467E+18;WongKEDU_;https://twitter.com/WongKEDU_/status/1744672841373786580;Neutral
Tue Jan 09 10:23:47 +0000 2024;1,74467E+18;Memberikan nilai terhadap ketiga pasangan calon presiden (capres) dalam debat ketiga Pemilihan Presiden atau Pilpres 2024 yang digelar di Istora Senayan, Minggu, 7 Januari 2024 kemarin. #IndonesiaSentris #IndonesiaHijau #02Melanjutkan #AnakMudaIndonesiaEmas Prabowo Subianto;0;1;0;0;in;2428768339;1,74467E+18;Rizwariryb;https://twitter.com/Rizwariryb/status/1744666269876719904;Neutral
Tue Jan 09 10:17:02 +0000 2024;1,74466E+18;Catatan Debat Capres Ketiga, Pemilihan Presiden Siudah Selesai : Prabowo  -  Gibran Presiden dan Wakil Presiden Indonesia 2024 https://t.co/eCcBXDMETx  @KPU_ID  @prabowo;0;0;0;0;in;1,48345E+18;1,74466E+18;eveertth;https://twitter.com/eveertth/status/1744664569736540244;Neutral
Tue Jan 09 09:36:38 +0000 2024;1,74465E+18;Presiden  Joko Widodo meminta Komisi Pemilihan Umum mengubah format debat Pilpres 2024. https://t.co/PGrOXucxhG;115;120;40;319;in;8,29367E+17;1,74465E+18;asumsico;https://twitter.com/asumsico/status/1744654402382893166;Positive
Tue Jan 09 09:34:27 +0000 2024;1,74465E+18;dalam debat calon presiden peserta Pemilihan Umum Presiden dan Wakil Presiden 2024-2029 di Istora Senayan, Jakarta, Minggu (7/1/2024). #IndonesiaSentris #IndonesiaHijau #02Melanjutkan #AnakMudaIndonesiaEmas Prabowo Subianto;0;1;0;0;in;2924426972;1,74465E+18;acurtis2346;https://twitter.com/acurtis2346/status/1744653854472585231;Neutral
Tue Jan 09 09:04:12 +0000 2024;1,74465E+18;dalam debat calon presiden peserta Pemilihan Umum Presiden dan Wakil Presiden 2024-2029 di Istora Senayan, Jakarta, Minggu (7/1/2024).  #PrabowoGibranIstimewa #BersamaIndonesiaMaju #PrabowoGemoy Prabowo Subianto;0;0;0;0;in;246449701;1,74465E+18;HeryWP;https://twitter.com/HeryWP/status/1744646240342851938;Neutral
Tue Jan 09 09:03:20 +0000 2024;1,74465E+18;Perbedaan karakteristik komunikasi tiga calon presiden semakin terlihat dalam debat capres di Pemilihan Umum 2024, yang digelar di Jakarta, Minggu (7/1/2024) malam.   Hal ini terlihat saat mereka menyampaikan dan mempertahankan gagasan ataupun ketika menjawab dan mengkritisi‚Ä¶ https://t.co/xjfMX9Q45D;0;0;1;1;in;55507370;1,74465E+18;tvOneNews;https://twitter.com/tvOneNews/status/1744646021060440292;Neutral
Tue Jan 09 08:58:50 +0000 2024;1,74464E+18;dalam debat calon presiden peserta Pemilihan Umum Presiden dan Wakil Presiden 2024-2029 di Istora Senayan, Jakarta, Minggu (7/1/2024)  #PrabowoGibranIstimewa #BersamaIndonesiaMaju #PrabowoGemoy Prabowo Subianto;0;0;0;0;in;246449701;1,74464E+18;HeryWP;https://twitter.com/HeryWP/status/1744644892608049609;Neutral
Tue Jan 09 07:11:18 +0000 2024;1,74462E+18;Sikap capres nomor 2 Prabowo Subianto diapresisi karena tidak terpancing capres lain untuk membuka data pertahanan Indonesia saat debat calon presiden (capres) Pemilihan Presiden atau Pilpres 2024 https://t.co/gufbsCUOpp Prabowo #NegarawanSejati https://t.co/kxq76itd8A;0;0;5;3;in;1,08569E+18;1,74462E+18;putrilalak;https://twitter.com/putrilalak/status/1744617829746544913;Positive
Tue Jan 09 06:41:59 +0000 2024;1,74461E+18;dalam debat calon presiden peserta Pemilihan Umum Presiden dan Wakil Presiden 2024-2029 di Istora Senayan, Jakarta, Minggu (7/1/2024).  #PrabowoGibranIstimewa #BersamaIndonesiaMaju #PrabowoGemoy Prabowo Subianto;0;1;0;0;in;3655312633;1,74461E+18;manaf_ramli;https://twitter.com/manaf_ramli/status/1744610453131776143;Positive
Tue Jan 09 05:52:12 +0000 2024;1,7446E+18;Viral video capres nomor urut satu Anies Baswedan diteriaki dengan umpatan 'B*****t' di tengah debat ketiga Pemilihan Presiden (Pilpres) 2024.  Anies mengaku belum melihat video viral tersebut. Namun Anies menekankan soal menjaga etika yang menjadi sangat penting.  Download‚Ä¶ https://t.co/AXXct6WvCn;2;22;176;452;in;57261519;1,7446E+18;Metro_TV;https://twitter.com/Metro_TV/status/1744597921239384085;Negative
Tue Jan 09 05:27:00 +0000 2024;1,74459E+18;Jokowi mengatakan, pelaksanaan debat ketiga Pemilihan Presiden (Pilpres) 2024 dinilai kurang menampilkan substansi dan visi para calon presiden (capres). Selain itu, Jokowi juga menyoroti soal saling serang antarcapres dalam debat tersebut. (ist) https://t.co/8euRy62yJ5;0;1;0;0;in;124171593;1,74459E+18;tribunnews;https://twitter.com/tribunnews/status/1744591579745014137;Negative
Tue Jan 09 04:59:50 +0000 2024;1,74458E+18;Komisi Pemilihan Umum (KPU) telah menggelar debat calon presiden (capres) ketiga di di Istora Senayan, Jakarta Pusat, pada Minggu (7/1/2024) malam.  Selengkapnya di https://t.co/iZZXiBxCLa  #majalahpeluang  #gagasandansolusibisnis  #peluangmediagroup https://t.co/2UxD7eIoXc;0;0;0;0;in;1,30046E+18;1,74458E+18;peluangnewsid;https://twitter.com/peluangnewsid/status/1744584744032149673;Neutral
Tue Jan 09 04:57:36 +0000 2024;1,74458E+18;dalam debat calon presiden peserta Pemilihan Umum Presiden dan Wakil Presiden 2024-2029 di Istora Senayan, Jakarta, Minggu (7/1/2024).  #PrabowoGibranIstimewa #BersamaIndonesiaMaju #PrabowoGemoy Prabowo Subianto;0;1;0;0;in;3678315553;1,74458E+18;sitikomariah032;https://twitter.com/sitikomariah032/status/1744584181127291320;Neutral
Tue Jan 09 04:56:30 +0000 2024;1,74458E+18;pada Minggu (7/1) pukul 18.24 untuk mengikuti debat ketiga Pemilihan Presiden 2024. #IndonesiaSentris #IndonesiaHijau #02Melanjutkan #AnakMudaIndonesiaEmas Prabowo Subianto;0;1;0;0;in;1,61503E+18;1,74458E+18;Ninaang06470572;https://twitter.com/Ninaang06470572/status/1744583903820824774;Neutral
Tue Jan 09 04:51:35 +0000 2024;1,74458E+18;dalam debat calon presiden peserta Pemilihan Umum Presiden dan Wakil Presiden 2024-2029 di Istora Senayan, Jakarta, Minggu (7/1/2024).  #PrabowoGibranIstimewa #BersamaIndonesiaMaju #PrabowoGemoy Prabowo Subianto;0;1;0;0;in;3678315553;1,74458E+18;sitikomariah032;https://twitter.com/sitikomariah032/status/1744582666484404658;Neutral
Tue Jan 09 04:36:25 +0000 2024;1,74458E+18;pada Minggu (7/1) pukul 18.24 untuk mengikuti debat ketiga Pemilihan Presiden 2024. #IndonesiaSentris #IndonesiaHijau #02Melanjutkan #AnakMudaIndonesiaEmas Prabowo Subianto;0;1;0;0;in;1,61523E+18;1,74458E+18;erick140451997;https://twitter.com/erick140451997/status/1744578851722924050;Neutral
;1,74457E+18;Presiden Joko Widodo (Jokowi) menanggapi debat ketiga calon presiden peserta Pemilihan Umum Presiden dan Wakil Presiden 2024-2029 yang digelar tadi malam. Jokowi mempertanyakan saling serang personal, alih-alih substansi visi, misi, dan program.  #prabowosubianto #prabowogibran https://t.co/bwDeCielUL;0;0;0;0;in;1,67148E+18;1,74457E+18;pro_prabowo08;https://twitter.com/pro_prabowo08/status/1744569246930407508;Negative
Tue Jan 09 02:53:31 +0000 2024;1,74455E+18;pada Minggu (7/1) pukul 18.24 untuk mengikuti debat ketiga Pemilihan Presiden 2024. #IndonesiaSentris #IndonesiaHijau #02Melanjutkan #AnakMudaIndonesiaEmas Prabowo Subianto;0;1;0;0;in;1,62363E+18;1,74455E+18;fachriman13;https://twitter.com/fachriman13/status/1744552954173219034;Neutral
Tue Jan 09 01:22:41 +0000 2024;1,74453E+18;Presiden Joko Widodo menilai debat antarcalon presiden putaran ketiga kandidat Pemilihan Presiden 2024 pada Minggu (7/1/2024) malam kurang mengedukasi penonton. Substansi visi dari masing-masing calon presiden tidak terlihat. #Polhuk #AdadiKompas   https://t.co/OUEGpEHOPT;0;1;1;2;in;255866913;1,74452E+18;hariankompas;https://twitter.com/hariankompas/status/1744530096713871584;Negative
Mon Jan 08 14:06:57 +0000 2024;1,74436E+18;Presiden Joko Widodo (Jokowi) mengatakan, pelaksanaan debat ketiga Pemilihan Presiden 2024 yang dilaksanakan pada Minggu (7/1/2024) malam kurang menampilkan substansi dan visi para calon presiden  https://t.co/pJfbpxqoqV  #Jokowi #JokoWidodo #Kompas #DebatCapres #prabowo #gibran;0;0;0;0;in;1,43727E+18;1,74436E+18;griyabacaku;https://twitter.com/griyabacaku/status/1744360043401662721;Negative
Mon Jan 08 13:53:24 +0000 2024;1,74436E+18;JAKARTA, https://t.co/1uJvjMY5xv ‚Äì Calon presiden nomor urut 2 Prabowo Subianto menyampaikan visi misinya di debat ketiga calon presiden yang dilaksanakan Komisi Pemilihan Umum (KPU) di Istora Senayan, Jakarta, Minggu (7/1/2024).;0;1;0;0;in;1,60561E+18;1,74436E+18;Edelweis_jesi;https://twitter.com/Edelweis_jesi/status/1744356632451023126;Neutral
Mon Jan 08 13:42:40 +0000 2024;1,74435E+18;#TemanPemilih , Komisi Pemilihan Umum Kabupaten Maros menggelar sosialisasi pemilu uang dirangkaikan dengan Nonton Bareng (Nobar) DEBAT PASANGAN CALON PRESIDEN DAN WAKIL PRESIDEN Pemilu Tahun 2024 bersama segmen Nitizen di Cimory Minggu (7/1/2024). https://t.co/Bu9RvBjiBA;0;0;0;0;in;1,24343E+18;1,74435E+18;kpukabmaros;https://twitter.com/kpukabmaros/status/1744353930782335166;Positive
Mon Jan 08 12:27:48 +0000 2024;1,74434E+18;@are_inismyname @zarryhendrik @seeksixsuck @kurawa @P4P4B0W0_2024 @99propaganda @Ndons_Back @Bank_Joee_ @BANGSAygSUJUD @florieliciouss @Kimberley_2024 Namanya debat ya begitu, adu data, adu gagasan, klo datanya salah silahkan disanggah, jangan cuma bisa bilang data salah, tapi ga bisa jelaskan salahnya dimana.. Ini pemilihan presiden loh bukan pemilihan rt..;0;0;0;0;in;8,39988E+17;1,74401E+18;tk_lahanx;https://twitter.com/tk_lahanx/status/1744335092527603851;Negative
Mon Jan 08 11:23:31 +0000 2024;1,74432E+18;"Ganjar Mendominasi Panggung Debat Ketiga Pilpres 2024  Calon presiden (capres) nomor urut 3 @ganjarpranowo tampil memukau dalam debat ketiga Pilpres 2024 yang digelar Komisi Pemilihan Umum (KPU) RI di Istora Senayan, Jakarta, Ahad (7/1).  Pak Ganjar saya kira tampil cukup sangat‚Ä¶ https://t.co/wAgmVcG1w2""";0;5;13;51;in;435004096;1,74432E+18;Aryprasetyo85;https://twitter.com/Aryprasetyo85/status/1744318915214508155;Positive
Mon Jan 08 10:59:34 +0000 2024;1,74431E+18;Presiden Jokowi menilai banyak yang kecewa dengan pelaksanaan debat ketiga pemilihan presiden (pilpres) yang digelar pada Minggu (7/1/2024). Menurut Presiden, pelaksanaan debat pilpres ke depannya perlu diformat lebih baik lagi. &lt  #Jokowi #Pemilu2024KCM  https://t.co/LVzQpbBD5h;5;13;0;2;in;23343960;1,74431E+18;kompascom;https://twitter.com/kompascom/status/1744312886120665559;Negative
Mon Jan 08 08:20:04 +0000 2024;1,74427E+18;Pengamat politik dari Universitas Mataram (Unram) Saipul Hamdi berpendapat ketiga calon presiden (capres) lebih banyak saling serang sisi personal dalam debat ketiga Pemilihan Presiden (Pilpres) 2024  https://t.co/JchUsVXFdX;0;0;4;0;in;2519592139;1,74427E+18;petonakkincai;https://twitter.com/petonakkincai/status/1744272745066893433;Negative
Mon Jan 08 07:54:36 +0000 2024;1,74427E+18;Direktur Eksekutif  Setara Institute Halili Hasan mengevaluasi jalannya debat ketiga  Pemilihan Presiden (Pilpres) 2024 yang berlangsung pada Minggu (7/1).    Sumber: https://t.co/hg0KitrMCl;0;0;0;0;in;68930552;1,74427E+18;mediaindonesia;https://twitter.com/mediaindonesia/status/1744266338426876183;Neutral
Mon Jan 08 06:45:57 +0000 2024;1,74425E+18;Pemilihan Presiden 2024 ternyata pemilihan yg amat sangat paling mudah diputuskan siapa yg akan dipilih, drpd Pemilu2 sblmnya.  Lalu utk Calon Anggota DPR siapa ya?  Ada saran?  DAERAH PEMILIHAN DKI JAKARTA II (JAKARTA SELATAN, JAKARTA PUSAT &amp  LUAR NEGERI)  #Pemilu2024 #DEBAT https://t.co/vZG6V94WUl;0;0;0;0;in;1141940924;1,74425E+18;syarief_thalib;https://twitter.com/syarief_thalib/status/1744249060314447989;Neutral
Mon Jan 08 05:13:21 +0000 2024;1,74423E+18;Debat kandidat Pemilihan Presiden (Pilpres) 2024 periode ketiga mempertemukan masing-masing calon presiden yang membahas tentang masalah Pertahanan, Keamanan, Hubungan Internasional, Globalisasi, Geopolitik dan Politik Luar Negeri.  Prabowo MC Donald Omon https://t.co/BF3igsAcc9;2;0;0;2;in;1,6472E+18;1,74423E+18;redaksicelahid;https://twitter.com/redaksicelahid/status/1744225759336734881;Negative
Mon Jan 08 05:09:07 +0000 2024;1,74422E+18;Calon presiden nomor urut 2 Prabowo Subianto menjawab pertanyaan terkait alasan dia tidak bersalaman dengan Anies Baswedan sesaat setelah acara debat ketiga Pemilihan Presiden 2024 di Istora Senayan. #DebatCapres #debatcapres2024 #DebatPresiden   https://t.co/piQN97OZjz;0;0;0;1;in;1,42294E+18;1,74422E+18;monitorind;https://twitter.com/monitorind/status/1744224690774880733;Positive
Mon Jan 08 04:49:22 +0000 2024;1,74422E+18;pada Minggu (7/1) pukul 18.24 untuk mengikuti debat ketiga Pemilihan Presiden 2024. #IndonesiaSentris #IndonesiaHijau #02Melanjutkan #AnakMudaIndonesiaEmas Prabowo Subianto;0;1;0;0;in;1,48592E+18;1,74422E+18;mingskyyy_;https://twitter.com/mingskyyy_/status/1744219723838247129;Neutral
Mon Jan 08 03:21:18 +0000 2024;1,7442E+18;Komisi Pemilihan Umum (KPU) telah menyelesaikan pelaksanaan debat ketiga yang diperuntukkan bagi para calon presiden (Capres) dalam laga menuju Pemilu Serentak 2024.https://t.co/h61lpTUYzA;0;0;0;0;in;423220305;1,7442E+18;ANTARABengkulu;https://twitter.com/ANTARABengkulu/status/1744197559223255056;Positive
Mon Jan 08 01:55:52 +0000 2024;1,74418E+18;Polri Siapkan Pengamanan Debat Pilpres Ketiga 2024  Sebanyak 3.041 personel gabungan dari jajaran Polri dan instansi terkait dikerahkan untuk mengamankan kegiatan debat calon presiden (capres) yang digelar oleh Komisi Pemilihan Umum pada malam ini Minggu (7/1) di Istora Senayan https://t.co/ms3kUdawlw;0;0;0;0;in;1,61629E+18;1,74418E+18;Polsek_AirBesi;https://twitter.com/Polsek_AirBesi/status/1744176059992650152;Positive
Mon Jan 08 00:40:05 +0000 2024;1,74416E+18;TPN Ganjar Pranowo-Mahfud MD menilai penampilan Ganjar pada debat ketiga Pemilihan Umum Presiden (Pilpres) 2024 menunjukkan ketegasannya. https://t.co/PtrqNHw0cO;0;0;0;0;in;1,6663E+18;1,74416E+18;erakinimedia;https://twitter.com/erakinimedia/status/1744156988924445088;Positive
Sun Jan 07 23:16:38 +0000 2024;1,74414E+18;@are_inismyname @zarryhendrik @seeksixsuck @kurawa @P4P4B0W0_2024 @99propaganda @Ndons_Back @Bank_Joee_ @BANGSAygSUJUD @florieliciouss @Kimberley_2024 Aduh. Gimana sih Bu. Inikan debat capres. Dari judulnya saja kita sudah tau bahwa diforum inilah para capres ini beradu gagasan dan pikiran. Victim mentality seperti ini harus diberangus. Ini pemilihan presiden ibu. 280 juta rakyat Indonesia dipertaruhkan. Pensiun saja;0;0;0;0;in;1,50501E+18;1,74401E+18;nurdianthoudia;https://twitter.com/nurdianthoudia/status/1744135987973038193;Negative
Sun Jan 07 18:31:21 +0000 2024;1,74406E+18;Penampilan @ganjarpranowo, Jawaban Jelas Dan Terstruktur  Debat calon presiden (capres) Pemilihan Presiden atau Pilpres 2024 digelar di Istora, Senayan, Jakarta Pusat, Minggu (7/1/2024) oleh Komisi Pemilihan Umum (KPU). Di debat capres 2024 ini, penampilan para pasangan calon‚Ä¶ https://t.co/BTTA6YWn0I;0;2;1;20;in;435004096;1,74406E+18;Aryprasetyo85;https://twitter.com/Aryprasetyo85/status/1744064191705817321;Positive
Sun Jan 07 16:49:18 +0000 2024;1,74404E+18;... Polri Siapkan Pengamanan Debat Pilpres Ketiga 2024 Sebanyak 3.041 personel gabungan dari jajaran Polri dan instansi terkait dikerahkan untuk mengamankan kegiatan debat calon presiden (capres) yang digelar oleh Komisi Pemilihan Umum pada malam ini Minggu (7/1) https://t.co/cgh9igwkmp;0;0;0;0;in;1,41952E+18;1,74404E+18;Samapta_Bireuen;https://twitter.com/Samapta_Bireuen/status/1744038511542677727;Positive
Sun Jan 07 16:13:16 +0000 2024;1,74403E+18;Kinerja Kementerian Pertahanan menjadi sorotan dalam debat ketiga Pemilihan Presiden 2024 yang diikuti oleh tiga calon presiden. Ganjar dan Anies sama-sama memberi nilai rendah. #Polhuk #AdadiKompas   https://t.co/ZZp0VSdjRP;0;0;0;0;in;771030588;1,74403E+18;KompasData;https://twitter.com/KompasData/status/1744029442727432252;Neutral
Sun Jan 07 16:08:05 +0000 2024;1,74403E+18;Kinerja Kementerian Pertahanan menjadi sorotan dalam debat ketiga Pemilihan Presiden 2024 yang diikuti oleh tiga calon presiden. Ganjar dan Anies sama-sama memberi nilai rendah. #Polhuk #AdadiKompas   https://t.co/TB2ofQ7x2i;0;1;1;2;in;255866913;1,74403E+18;hariankompas;https://twitter.com/hariankompas/status/1744028141067153516;Neutral
Sun Jan 07 15:09:49 +0000 2024;1,74401E+18;@CNNIndonesia Saya yakin kayaknya di pemilu tahun ini pun juga bakal banyak kecurangan karena dari pemilihan wakil presiden pun sudah banyak kejanggalan debat apalagi untuk malam ini makin malas saja makin ke sini untuk pemilu 2024;1;0;1;13;in;1,60221E+18;1,744E+18;bakarisme98;https://twitter.com/bakarisme98/status/1744013474517418457;Negative
Sun Jan 07 13:29:07 +0000 2024;1,74399E+18;Megawati menitipkan pesan kepada Ganjar Pranowo. Pesan disampaikan sebelum Ganjar melaksanakan debat ketiga Pemilihan Presiden 2024.  Tonton live streaming di : https://t.co/nyHSX5wGdE  #DebatCapres #debatpilpres2024  #GanjarMahfud  https://t.co/zLou4zI18N;0;0;0;0;in;9,02838E+17;1,74399E+18;medcom_id;https://twitter.com/medcom_id/status/1743988132767490223;Neutral
Sun Jan 07 13:25:04 +0000 2024;1,74399E+18;Dalam debat calon presiden 2024 yang diselenggarakan oleh Komisi Pemilihan Umum (KPU) di Istora Senayan, Hari Minggu, 7 Januari 2024, terdapat singgungan terkait rudal hipersonik.  https://t.co/7NUhMRu98l;0;0;0;1;in;68930552;1,74399E+18;mediaindonesia;https://twitter.com/mediaindonesia/status/1743987116714152083;Neutral
Sun Jan 07 13:23:18 +0000 2024;1,74399E+18;Calon presiden nomor urut 1 Anies Baswedan mengatakan, 160.000 orang meninggal karena virus.   Hal ini disampaikan Anies Baswedan dalam debat kedua pemilihan presiden (pilpres) yang digelar Komisi Pemilihan Umum (KPU) pada Minggu (7/1/2024).  Bagaimana faktanya?  Baca disini:‚Ä¶ https://t.co/960MibsXHU;1;2;3;4;in;23343960;1,74399E+18;kompascom;https://twitter.com/kompascom/status/1743986669190336710;Neutral
Sun Jan 07 13:22:23 +0000 2024;1,74399E+18;divisihumaspolri Polri Siapkan Pengamanan Debat Pilpres Ketiga 2024  Sebanyak 3.041 personel gabungan dari jajaran Polri dan instansi terkait dikerahkan untuk mengamankan kegiatan debat calon presiden (capres) yang digelar oleh Komisi Pemilihan Umum pada malam ini Minggu(7/1). https://t.co/fE0T0lGIWk;0;0;0;1;in;1,61127E+18;1,74399E+18;polsekptkbarat1;https://twitter.com/polsekptkbarat1/status/1743986437471785432;Neutral
Sun Jan 07 12:46:13 +0000 2024;1,74398E+18;Calon Presiden atau Capres, Ganjar Pranowo menyebut debat ketiga Pemilihan Presiden (Pilpres) 2024 diharapkan dapat menjadi catatan bagi calon pemilih untuk menentukan pilhannya. #DebatCapres  https://t.co/05H7k4swsU;0;0;0;0;in;1,18695E+18;1,74398E+18;voidotid;https://twitter.com/voidotid/status/1743977339112104017;Neutral
Sun Jan 07 12:39:38 +0000 2024;1,74398E+18;Ketua Komisi Pemilihan Umum (KPU) Hasyim Asy'ari membuka debat ketiga calon presiden (capres) Pemilihan Presiden (Pilpres) 2024. Hasyim ingin seluruh pihak menyaksikan sungguh-sungguh debat capres kali ini.  Tonton live streaming di : https://t.co/nyHSX5wGdE  #DebatCapres‚Ä¶;0;0;0;0;in;9,02838E+17;1,74398E+18;medcom_id;https://twitter.com/medcom_id/status/1743975682290651622;Positive
Sun Jan 07 12:39:37 +0000 2024;1,74398E+18;Calon presiden (capres) nomor urut 1 @aniesbaswedan  mendapat pernak pernik sebelum melaksanakan debat ketiga Pemilihan Presiden (Pilpres) 2024. Ia mendapat sebuah banner dan kaos.  Pantauan https://t.co/Nxh9RxFFAF, Anies mendapat Anies banner bertuliskan Hwaiting!! Abah #1 di‚Ä¶ https://t.co/a8L2Uh6hxy;0;0;0;1;in;9,02838E+17;1,74398E+18;medcom_id;https://twitter.com/medcom_id/status/1743975675374297115;Positive
Sun Jan 07 12:39:17 +0000 2024;1,74398E+18;CALON presiden (capres)  nomor urut 1 Anies Baswedan mendapat pernak pernik sebelum melaksanakan  debat ketiga Pemilihan Presiden (Pilpres) 2024. Ia mendapat banner dan  kaos.   Sumber: https://t.co/7FFCG2MDms;0;2;1;3;in;68930552;1,74398E+18;mediaindonesia;https://twitter.com/mediaindonesia/status/1743975592742281615;Positive
Sun Jan 07 12:35:36 +0000 2024;1,74397E+18;Ganjar Pranowo menyebut debat ketiga Pemilihan Presiden (Pilpres) 2024 diharapkan dapat menjadi catatan bagi calon pemilih untuk menentukan pilhannya. #DebatCapres  https://t.co/S3bkCfjjBc;0;0;0;0;in;1,18695E+18;1,74397E+18;voidotid;https://twitter.com/voidotid/status/1743974664177958968;Positive
Sun Jan 07 12:35:33 +0000 2024;1,74397E+18;Komisi Pemilihan Umum (KPU) menggelar debat calon Presiden 2024 kedua pada hari Minggu, 7 Januari 2024. Anies Baswedan, Prabowo Subianto dan Ganjar Pranowo akan saling berhadapan untuk kedua kalinya dalam debat capres 2024.;0;0;0;0;in;376916138;1,74397E+18;musvida;https://twitter.com/musvida/status/1743974653897634030;Neutral
Sun Jan 07 12:30:05 +0000 2024;1,74397E+18;Capres nomor urut 1 Anies Baswedan mendapat pernak pernik sebelum melaksanakan debat ketiga Pemilihan Presiden (Pilpres) 2024. Ia mendapat banner dan kaos.  https://t.co/7FFCG2MDms;0;0;0;1;in;68930552;1,74397E+18;mediaindonesia;https://twitter.com/mediaindonesia/status/1743973276307927220;Positive
Sun Jan 07 12:28:11 +0000 2024;1,74397E+18;Debat sesi ketiga menjelang Pemilihan Presiden 2024 ini kian ditunggu-tunggu oleh masyarakat.  Calon Presiden (Capres) nomor urut 1, Anies Baswedan, mengatakan bahwa sesi debat kali ini bisa menjadi kesempatan untuk rakyat menilai mana calon pemimpin yang bisa sama dengan apa‚Ä¶ https://t.co/v8eWtcyrUU;0;0;7;10;in;55507370;1,74397E+18;tvOneNews;https://twitter.com/tvOneNews/status/1743972801168777418;Positive
Sun Jan 07 12:09:57 +0000 2024;1,74397E+18;"Kapten Tim Pemenangan Nasional (Timnas) Anies-Muhaimin (Amin), Muhammad Syaugi Alaydrus menyebut calon presiden (Capres) nomor 1 satu Anies Baswedan akan bermain menyerang"" pada debat ketiga pemilihan presiden (Pilpres) 2024 hari ini, Minggu (7/1/2024). https://t.co/xdtHbYL7oT‚Ä¶""";2;6;6;30;in;23343960;1,74397E+18;kompascom;https://twitter.com/kompascom/status/1743968212373676346;Negative
Sun Jan 07 11:55:37 +0000 2024;1,74396E+18;Calon Presiden (Capres) RI Anies Baswedan pamit kepada tetangga sekitar sebelum berangkat ke Istora Senayan, tempat pelaksanaan debat ketiga Pilpres 2024 yang diselenggarakan Komisi Pemilihan Umum (KPU).https://t.co/jXmXeKUdRO;0;0;0;0;in;423220305;1,74396E+18;ANTARABengkulu;https://twitter.com/ANTARABengkulu/status/1743964602940166387;Neutral
Sun Jan 07 11:54:24 +0000 2024;1,74396E+18;Kepolisian melarang massa dari pasangan calon (paslon) membawa mobil komando dan pengeras suara untuk menjaga kekhidmatan¬† pelaksanaan debat Pemilihan Presiden dan Wakil Presiden 2024 di Istora Senayan, Jakarta Pusat, Minggu malam.https://t.co/xybWGQkxzL;0;0;0;0;in;423220305;1,74396E+18;ANTARABengkulu;https://twitter.com/ANTARABengkulu/status/1743964298895036729;Neutral
Sun Jan 07 11:51:35 +0000 2024;1,74396E+18;Komisi Pemilihan Umum (@KPU_ID) menggelar debat ketiga dari lima debat capres-cawapres #Pemilu2024 di Gedung Istora Senayan, Jakarta Pusat.  Simak #ReportaseLangsung Debat Calon Presiden Pemilu 2024 di https://t.co/Z6bhYbEJRg atau melalui tautan berikut.  ‚û°Ô∏è‚Ä¶ https://t.co/Syp4tXkNuB;4;1;3;6;in;255866913;1,74396E+18;hariankompas;https://twitter.com/hariankompas/status/1743963588950364535;Neutral
Sun Jan 07 10:55:37 +0000 2024;1,74395E+18;Debat Calon Presiden ke-3 ( Debat Capres ke-3 ) akan diselenggarakan Komisi Pemilihan Umum ( KPU )  pada Minggu (7/1/2024) malam ini.  https://t.co/cfR6JS1Yd2;0;0;0;0;in;106976813;1,74395E+18;poskupangcom;https://twitter.com/poskupangcom/status/1743949504980865129;Neutral
Sun Jan 07 10:49:24 +0000 2024;1,74395E+18;Awal Tahun Ada Yang Seru Nih...!  Ganjar Siap Hadapi Debat Ketiga Pilpres 2024  Debat ketiga Pemilihan Presiden (Pilpres) 2023 akan digelar di Istora Senayan, Jakarta, Minggu (7/1/2024) malam. Calon presiden (capres) nomor urut 3, Ganjar Pranowo mengaku sudah siap untuk‚Ä¶ https://t.co/jtBk0ctMty;0;3;3;25;in;435004096;1,74395E+18;Aryprasetyo85;https://twitter.com/Aryprasetyo85/status/1743947939071029630;Positive
Sun Jan 07 10:43:42 +0000 2024;1,74395E+18;Polri Siapkan Pengamanan Debat Pilpres Ketiga 2024 Sebanyak 3.041 personel jajaran Polri dan instansi terkait dikerahkan untuk mengamankan kegiatan debat calon presiden yang digelar oleh Komisi Pemilihan Umum pada malam ini Minggu (7/1) di Istora Senayan Gelora Bung Karno (GBK). https://t.co/h9nJO3Uf9g;0;0;0;1;in;1,66393E+18;1,74395E+18;PPrayabara34928;https://twitter.com/PPrayabara34928/status/1743946506464530526;Positive
Sun Jan 07 10:35:11 +0000 2024;1,74394E+18;Hari ini, Minggu (7/1/2024), Komisi Pemilihan Umum kembali menggelar debat calon presiden.  Seperti apa persiapan Anies Baswedan, Prabowo Subianto, dan Ganjar Pranowo menghadapi debat nanti malam? #VideoBerita #AdadiKompas   https://t.co/gGuC7uxciV;0;0;0;0;in;255866913;1,74394E+18;hariankompas;https://twitter.com/hariankompas/status/1743944361186857083;Neutral
